id,Primeiro Nome,Apelido,Nascimento,Altura,Peso
1124,José,KLÉBERSON,1979-06-19,175,70
2014,Magno,VIEIRA,1985-02-13,178,76
2334,Júlio,CÉSAR,1979-09-03,187,83
2420,Mariano,ÂNGELO,1981-06-12,175,78
2430,Anderson,BABU,1980-12-23,178,70
2458,Machado,CLAITON,1984-09-07,186,78
2474,Ricardo,KAKÁ,1982-04-22,186,82
2649,Gustavo,LAZZARETTI,1984-03-09,184,86
2651,Dias,FELIPE,1984-07-31,188,75
2702,Bernhardt,ARTHURO,1982-08-27,190,82
2704,Ânderson,NENÊ,1981-07-19,181,70
2897,Ricardo,OLIVEIRA,1980-05-06,183,78
2952,Dani,ALVES,1983-05-06,172,70
2955,Correia,ADRIANO,1984-10-26,173,73
2959,Dirnei,RENATO,1979-05-15,178,72
2963,Júlio,BAPTISTA,1981-10-01,183,80
2968,Luís,FABIANO,1980-11-08,185,85
3031,Luiz,ÁLVARO,1977-11-01,183,82
3086,Filipe,LUÍS,1985-08-09,182,73
3141,André,BAHIA,1983-11-24,182,75
3158,Santiago,LEONARDO,1983-03-09,171,70
3186,Heurelho,GOMES,1981-02-15,191,87
3202,Pinho,ROBERT,1981-02-27,186,80
3258,Carlos,RONNY,1983-02-25,184,75
3282,Ânderson,LUISÃO,1981-02-13,193,82
3283,Eduardo,ALCIDES,1985-03-13,192,82
3290,Diego,SOUZA,1985-06-17,186,85
3301,Marcos,ANTÓNIO,1983-05-25,187,87
3313,Barreto,IBSON,1983-11-07,177,74
3317,Ribas,DIEGO,1985-02-28,173,73
3318,Leandro,BONFIM,1984-01-08,177,72
3319,Luís,ANDERSON,1988-04-13,176,75
3326,Bruno,MORAES,1984-07-07,180,74
3363,Dudu,CEARENSE,1983-04-15,185,78
3371,Vágner,LOVE,1984-06-11,171,72
3634,George,LUCAS,1984-02-20,175,72
3636,Ze,ANTÔNIO,1984-03-19,180,83
3637,Osni,RAMON,1988-05-24,180,72
3644,Fábio,JÚNIOR,1977-11-20,186,76
3645,Thiago,QUIRINO,1985-01-04,183,79
3648,Tiago,CARDOSO,1984-05-08,186,82
3649,Diego,SILVA,1979-05-11,188,84
3650,Larangeira,DANILO,1984-05-10,184,73
3651,Severino,DURVAL,1980-07-11,185,82
3652,Paulo,ANDRÉ,1983-08-20,189,81
3656,Rodrigues,SIMÃO,1984-07-05,175,57
3657,Artur,NETINHO,1984-04-24,172,71
3659,Carlos,TICAO,1985-02-07,174,65
3661,Rodrigo,SOUTO,1983-02-09,183,79
3662,Souza,MAICON,1985-09-14,184,87
3664,Pelentier,DAGOBERTO,1983-03-22,173,64
3669,Oliveira,JÔNATAS,1983-03-30,176,68
3673,Marcelo,MATTOS,1984-02-10,179,77
3675,Willian,BETÃO,1983-11-11,181,79
3676,Edson,SITTA,1983-06-17,180,77
3682,Adolfo,ROSINEI,1983-05-03,170,63
3683,Santos,DINÉLSON,1986-02-04,166,65
3685,Carlos,ALBERTO,1984-12-11,175,71
3686,Deyvison,BOBÔ,1985-01-09,186,77
3687,Adailson,ABUDA,1986-03-28,175,73
3688,Alves,JÔ,1987-03-20,189,77
3689,Fonseca,WILSON,1985-03-21,181,75
3690,Deivson,FÁBIO,1980-09-30,188,90
3691,Artur,MORAES,1981-01-25,192,90
3692,Edú,DRACENA,1981-05-18,185,81
3695,Santana,ELIEZIO,1987-03-31,185,81
3696,Pereira,GLADSTONE,1985-01-29,182,82
3698,Oliveira,LUIZINHO,1982-11-05,169,68
3704,Moura,KERLON,1988-01-27,170,66
3707,Chaves,FRED,1983-10-03,185,84
3708,Clemerson,ARAÚJO,1977-08-08,172,67
3709,Carioca,FRANCISMAR,1984-04-18,172,65
3710,Salgado,DIEGO,1982-02-02,186,85
3712,Renato,SILVA,1983-07-26,184,78
3716,Léo,MOURA,1978-10-23,176,65
3719,Augusto,RECIFE,1983-08-03,170,61
3720,Fellype,GABRIEL,1985-12-06,176,65
3723,Fabiano,OLIVEIRA,1987-03-06,182,78
3724,Manuel,OBINA,1983-01-31,183,85
3725,Carlos,JEAN,1982-03-03,175,68
3726,Bruno,MEZENGA,1988-08-08,183,79
3727,Diego,CAVALIERI,1982-12-01,191,86
3735,Cajueiro,LUCIO,1979-06-20,175,61
3736,Dermival,BAIANO,1978-06-28,180,71
3745,Rodrigues,ALCEU,1984-05-07,175,77
3746,Squarsone,SAULO,1985-08-10,188,80
3748,Nascimento,DOMINGOS,1985-12-12,185,80
3749,Souza,CARLINHOS,1987-01-23,175,68
3751,Wellington,PAULISTA,1984-04-22,183,69
3752,Machado,ELTON,1983-09-15,180,75
3753,Léo,LIMA,1982-01-14,187,83
3755,Júnior,LAURO,1980-09-03,193,80
3757,Ricardo,BÓVIO,1982-01-17,178,91
3758,Geraldo,WENDEL,1982-04-28,181,70
3759,Rodrigo,TIUÍ,1985-12-04,177,64
3760,Carvalho,GEÍLSON,1984-04-10,184,79
3761,Souza,ROBINHO,1984-01-25,172,60
3762,Soares,FABIANO,1984-07-25,184,79
3763,Oliveira,REINALDO,1979-03-14,187,77
3764,Wanderson,SOMÁLIA,1977-06-22,189,78
3769,Conceição,EDCARLOS,1985-05-10,185,82
3773,João,CICINHO,1980-06-24,172,68
3776,Pereira,ILSINHO,1985-10-12,178,82
3780,Willamis,SOUZA,1979-02-04,173,70
3781,Andrade,DANILO,1979-06-11,180,76
3782,Teixeira,RENAN,1985-03-29,181,80
3783,Fernandes,ALÊ,1986-01-21,176,75
3785,Edinaldo,GRAFITE,1979-04-02,189,81
3786,Rodrigues,ROGER,1985-01-07,187,85
3787,Diego,TARDELLI,1985-05-10,179,72
3812,Carlos,HENRIQUE,1983-05-02,190,76
3860,Ferreira,JUSSIÊ,1983-09-19,181,70
3878,Honorato,NILMAR,1984-07-14,180,73
3890,André,LUIS,1979-07-31,192,86
3942,Douglas,MAICON,1981-07-26,184,77
4011,Honorato,ÉDERSON,1986-01-13,181,74
4060,João,MIRANDA,1984-09-07,186,78
4135,Costa,RODRIGO,1980-08-27,182,84
4138,Dantas,RODOLFO,1982-10-23,183,77
4155,Kléber,GLADIADOR,1983-08-12,173,68
4160,Leonardo,MOURA,1986-03-09,188,72
4165,Luis,FERNANDINHO,1985-05-04,176,67
4166,Francelino,MATUZALÉM,1980-06-10,175,70
4173,Silva,JÁDSON,1983-10-05,168,67
4175,Evaeverson,BRANDÃO,1980-06-16,189,78
4261,Victor,SIMÕES,1981-03-23,176,79
4430,Alexandre,D&#39;ACOL,1986-07-18,184,75
4536,Silveira,JUAN,1979-02-01,183,79
4554,Ferreira,LÚCIO,1978-05-08,188,80
4608,Ferreira,WÁGNER,1985-01-29,175,74
4712,Marcelinho,PARAÍBA,1975-05-17,175,75
4722,Ricardo,VILAR,1979-08-11,177,72
4757,Aparecido,NALDO,1982-10-09,192,82
4789,Falcão,ÉLSON,1981-11-16,172,67
5373,Júlio,CÉSAR,1980-02-26,176,75
5570,Bonfim,DANTE,1983-10-18,188,87
5672,Túlio,MELO,1985-01-31,190,
5772,Betanin,PAULINHO,1986-01-10,172,67
5789,Ferreira,REGINALDO,1983-07-31,175,72
6099,Anderson,SILVA,1982-08-28,188,81
6120,Henrique,KIM,1980-06-22,176,81
6162,Felipe,MELO,1983-08-26,183,76
6166,Antônio,CARLOS,1983-06-22,185,85
6188,Waldir,LUCAS,1982-05-02,185,85
6190,Tosi,RODRIGO,1983-01-06,184,81
6285,Galvão,JÉFFERSON,1983-01-02,188,80
6322,Antoneli,ROMULO,1982-02-25,187,83
6447,Santos,EDUARDO,1980-08-05,178,67
6451,Luiz,ROGERIO,1980-06-12,182,73
6701,Ferreira,VÁLBER,1981-09-22,173,71
6756,Ferreira,RUDISON,1983-02-15,175,63
6860,Matheus,VIVIAN,1982-04-05,188,79
7479,João,PAULO,1984-11-17,184,77
7501,Neves,JEDA,1979-04-15,176,74
7594,Inacio,JOELSON,1983-07-10,177,70
7798,Alexandre,PEDALADA,1984-05-08,171,66
8141,Corrêa,THIAGO,1982-04-07,170,67
8224,Ricardo,GUARÀ,1984-03-01,175,67
8258,Vitorino,HILTON,1977-09-13,182,73
8437,Eduardo,RATINHO,1987-09-17,180,67
8823,Alex,TERRA,1982-09-02,165,62
8830,Fernando,CARDOZO,1979-03-17,186,79
8835,Silva,GENALVO,1982-01-05,175,66
8839,Júnior,LUIZAO,1987-01-03,184,84
8850,George,BINHO,1977-06-24,178,74
8869,Santos,CÉSINHA,1980-03-12,184,74
8885,Almeida,VANDINHO,1978-01-15,183,76
8904,Souza,WILLIAM,1983-05-14,185,83
8908,Silva,CADU,1982-04-23,177,68
8910,Fernando,PRASS,1978-07-09,191,89
8913,Gabriel,ATZ,1981-08-04,190,88
8914,Nery,HARISON,1980-01-02,175,76
8921,Paulo,CÉSAR,1980-01-05,175,73
8927,Fábio,BALÚ,1985-02-22,185,73
8929,Fabiano,EVALDO,1982-03-18,183,76
8930,Leandro,FAHEL,1981-08-15,182,72
8932,Antonieliton,FERREIRA,1983-10-14,174,75
8935,Elias,KANU,1983-02-08,173,69
8937,Gisley,MANCUSO,1981-07-26,179,77
8938,Ivanildo,MARCINHO,1981-03-25,174,65
8944,Walter,MINHOCA,1982-01-12,168,63
8950,Araújo,RAFFAEL,1985-03-28,174,69
9068,Igor,SOUZA,1979-05-27,174,69
9085,Ferreira,CLAUDEMIR,1984-08-17,170,60
9086,Diego,CORREA,1983-09-18,171,73
9087,Fábio,BRAZ,1978-02-12,188,88
9088,Manoel,MORAIS,1984-07-17,169,64
9089,Vieira,OSMAR,1984-12-12,182,82
9096,Albuquerque,CÁSSIO,1980-08-12,186,79
9104,Willian,XAVIER,1983-09-22,175,75
9113,William,DEMA,1983-04-28,179,72
9130,Marcio,RAFINHA,1985-09-07,172,68
9137,Carlos,KAHÊ,1982-08-28,187,87
9199,Rezende,ROBERTO,1985-01-18,177,76
9213,Rodrigues,GABRIEL,1981-06-05,170,66
9284,Garbini,MICHEL,1981-06-09,187,75
9341,João,CARLOS,1982-01-01,189,79
9517,Rogério,GAUCHO,1979-09-28,188,78
9573,Campagnaro,TIAGO,1983-07-02,190,83
9574,Pina,WESCLEY,1984-07-15,184,75
9576,Bruno,OCTÁVIO,1985-08-02,180,76
9578,Fernandes,BRUNO,1984-12-23,190,80
9579,Diego,ALVES,1985-06-24,187,83
9582,Willian,LIMA,1985-02-10,182,79
9583,Thiago,FELTRI,1985-05-18,175,63
9586,Leandro,CASTÁN,1986-11-05,184,80
9588,Rafael,MIRANDA,1984-08-11,179,68
9614,André,BELEZA,1985-04-24,169,65
9616,Zé,LEANDRO,1985-01-30,170,61
9617,Darcy,NETO,1981-02-07,175,67
9622,Antonio,AMARAL,1987-09-05,174,60
9623,Carlos,CORRÊA,1980-12-29,176,73
9624,Martins,CRISTIAN,1979-08-28,169,65
9627,Marcinho,GUERREIRO,1980-09-23,178,70
9631,Felisbino,RICHARLYSON,1982-12-27,178,70
9632,Thiago,RIBEIRO,1986-02-24,183,72
9638,Júlio,CÉSAR,1982-06-15,173,70
9639,Carlinhos,BALA,1979-09-17,162,64
9640,Clóvis,JONÍLSON,1978-11-22,175,73
9644,Diego,CLEMENTINO,1984-03-18,175,67
9647,Volpato,ROBERTO,1979-07-01,193,91
9648,Thiago,MACIEL,1985-05-03,170,64
9650,Maciel,YGOR,1984-06-01,179,75
9655,Vargas,GETULIO,1983-01-22,192,86
9656,José,FABIO,1984-10-08,176,70
9657,André,SANTOS,1983-03-08,180,74
9658,André,MENSALÃO,1990-06-21,174,76
9663,Rodrigo,ARROZ,1984-04-13,184,72
9664,José,JUNIOR,1985-04-27,190,90
9665,Silva,MARABÁ,1986-08-07,174,67
9747,Rafael,MUÇAMBA,1981-04-16,170,62
9913,Morais,DAVIDSON,1981-07-18,176,71
9916,Laaber,ADRIANINHO,1980-07-11,174,63
9987,Vergne,DANILO,1981-10-15,176,76
9992,Macedo,MARCELO,1983-02-01,177,72
10099,Wilson,TIAGO,1983-09-14,186,80
10190,Juliano,PINHEIRO,1976-08-22,186,79
10242,Rodger,MARCIEL,1982-03-22,180,75
10248,Rafael,MARQUES,1983-05-27,190,75
10339,Marcelo,BOECK,1984-11-28,190,87
10341,Brito,RENAN,1985-01-24,187,82
10369,Gonçalves,WELLINGTON,1983-08-11,186,81
10395,Eldis,FERNANDINHO,1981-01-13,161,62
10450,Paulo,CHIQUINHO,1983-06-20,171,67
10452,Marcos,CEARÁ,1980-06-18,175,81
10454,Ferreira,EDINHO,1983-01-15,183,86
10455,Márcio,MOSSORÓ,1983-07-04,169,66
10462,Élder,GRANJA,1982-07-02,181,74
10465,Rafael,SÓBIS,1985-06-17,172,73
10480,Rodrigo,CALAÇA,1981-01-25,184,77
10481,Pedro,HENRIQUE,1985-10-12,190,84
10485,Julio,SANTOS,1981-12-12,184,77
10492,Cícero,VÍTOR,1982-07-29,172,65
10495,Cléber,GOIANO,1979-01-06,180,74
10496,Danilo,PORTUGAL,1983-05-10,178,78
10497,Rodrigo,TABATA,1980-11-19,171,80
10500,Gomes,JULIANO,1983-06-06,175,74
10503,Souza,FÁBIO,1984-03-14,173,61
10533,Fernando,RUBINHO,1983-08-04,186,81
10537,Rodrigo,DEFENDI,1986-06-16,193,83
10597,Fernando,HENRIQUE,1983-11-25,189,82
10599,Dondé,JEAN,1983-08-12,180,74
10601,Nascimento,IGOR,1979-08-03,182,84
10602,Maciel,LINO,1977-06-01,184,73
10603,Gabriel,SANTOS,1983-03-05,186,86
10604,Maldonado,JUAN,1982-02-06,168,68
10605,Martins,RADAMÉS,1986-04-17,180,71
10609,Arcanjo,JUNINHO,1983-01-11,179,71
10610,Thiago,RAMOS,1983-10-11,189,81
10611,Marcos,AROUCA,1986-08-11,172,70
10621,João,VITOR,1983-03-15,178,74
10622,Carlos,EDINHO,1979-10-30,175,74
10623,Wellington,VICENTE,1983-04-30,172,68
10624,Ferreira,ALEX,1986-01-10,170,65
10626,Daniel,MARQUES,1983-07-11,190,90
10667,Astolpho,LOPES,1983-03-11,192,92
10669,Pacheco,HENRIQUE,1985-05-16,180,75
10672,Anselmo,JUNINHO,1982-09-16,182,78
10673,Rafael,MARQUES,1983-09-21,183,78
10680,Leandro,CARVALHO,1983-09-30,182,73
10681,Thiago,XAVIER,1983-12-27,180,76
10684,Bittencourt,DIGUINHO,1983-03-20,170,68
10701,Feitosa,ERANDIR,1982-08-05,182,76
10713,Lima,PAULÃO,1985-10-16,187,80
10716,Vicentini,JULIANO,1981-08-26,179,70
10719,Éderson,TORMENA,1986-01-14,186,82
10720,Sidnei,MAGAL,1980-09-16,173,73
10723,Rodrigues,MARCELINHO,1987-01-09,169,66
10857,Cantanhede,RYCHELY,1987-08-06,174,70
10907,Santos,EDMILSON,1982-09-15,183,77
11011,Andrade,EMERSON,1980-04-23,172,62
11020,Tiago,CALVANO,1981-05-19,188,80
11057,Aparecido,OSMAR,1980-03-27,174,69
11071,Tiago,BERNARDI,1979-12-02,186,79
11072,Adriano,PIMENTA,1982-11-14,170,64
11079,Rodrigues,GELSON,1982-01-03,175,70
11251,Bezerra,TONINHO,1977-12-22,186,86
11289,Spindler,BARÉ,1982-01-18,190,77
11312,Antonio,PAULINHO,1982-07-16,168,61
11321,Antônio,ALEX,1983-04-16,172,69
11349,Zé,CARLOS,1980-07-15,182,73
11385,Rafael,COUTINHO,1984-03-07,173,73
11869,Paula,ALEX,1981-09-13,187,75
11955,Bala,GIL,1980-10-18,172,72
12006,Gustavo,VERONESI,1982-05-07,170,68
12341,Peterson,PEÇANHA,1980-01-11,182,77
12354,Moraes,CRISTIANO,1983-09-28,175,69
12366,Rodrigues,ROVÉRSIO,1984-01-17,186,70
12374,Alves,ELIAS,1981-09-04,177,73
12380,Leandro,NETTO,1979-05-07,185,81
12392,Roosevelt,EZEQUIAS,1981-01-28,185,80
12406,Pinto,JOEANO,1979-08-12,180,75
12413,João,PAULO,1983-02-22,182,77
12429,Tiago,FRAGA,1981-03-02,179,78
12443,Rodrigues,SAULO,1982-02-18,176,74
12446,Corrêa,NÍLSON,1975-12-26,183,80
12464,Pedro,GEROMEL,1985-09-21,187,79
12579,Ferreira,DANIELSON,1981-01-09,186,76
12583,Oliveira,CLEITON,1979-12-21,178,76
12658,Édson,BASTOS,1979-11-03,187,76
12660,Munaretto,DALTON,1986-09-08,198,90
12661,Paulo,SERGIO,1978-10-01,173,69
12662,Felipe,SANTANA,1986-03-17,194,85
12665,Carlos,ALBERTO,1978-01-24,168,68
12666,Cunha,EDNO,1983-05-31,180,80
12668,Hiziel,SOARES,1985-05-16,175,77
12669,Duarte,ARANHA,1980-11-17,191,89
12673,Paulo,RODRIGUES,1981-02-18,174,78
12676,Rafael,SANTOS,1984-11-10,187,79
12677,Andrielle,IRAN,1979-06-14,175,69
12680,Rafael,UETA,1983-03-19,176,71
12682,Lopes,ALMIR,1982-05-20,177,79
12683,Sacramento,DANILO,1982-11-03,179,68
12685,Oliveira,VANDINHO,1980-07-10,179,68
12686,Ricardo,CONCEIÇÃO,1984-07-16,175,71
12687,Santos,CARLINHOS,1984-01-10,175,78
12688,Rafael,GODOY,1985-05-07,179,80
12794,Rodrigo,GALATTO,1983-04-10,193,89
12795,Marcelo,GROHE,1987-01-13,188,80
12797,Fábio,PEREIRA,1979-07-30,188,88
12800,Silva,EVALDO,1983-01-04,191,84
12801,Santos,WELLINGTON,1985-08-17,176,71
12802,Lucas,LEIVA,1987-01-09,179,73
12803,Eduardo,NUNES,1984-03-20,180,79
12807,Marcelo,COSTA,1980-07-24,176,71
12808,Francisco,RAFINHA,1983-08-04,167,61
12811,Pedro,JÚNIOR,1987-01-29,182,73
12812,José,RICARDINHO,1984-05-19,174,74
12819,Coelho,OSMAR,1982-02-23,176,77
12831,Thiago,ALMEIDA,1987-06-06,173,72
12865,Pinto,FLAVIO,1980-03-12,173,72
12866,Nazário,ANDREY,1983-11-09,195,93
12867,Édson,HENRIQUE,1987-07-06,184,80
12869,Vinícius,ORLANDO,1983-09-15,183,75
12872,Luciano,SORRISO,1983-09-08,180,73
12873,Santos,CÍCERO,1984-08-26,180,72
12874,Cléber,SCHWENCK,1979-02-08,181,81
12877,Gonçalves,LEONARDO,1982-10-26,180,80
12879,Simões,SERGINHO,1980-05-20,178,74
12880,Eder,LOKO,1980-05-14,171,70
12882,Emerson,GOIANO,1980-06-15,175,70
12936,Silva,LUIZ,1983-02-07,189,90
12937,Mestriner,MAURO,1977-10-30,189,87
12942,Luciano,TRIGUINHO,1979-02-25,177,68
12952,Conceição,ALESSANDRO,1977-09-21,173,68
12955,Fabiano,GADELHA,1979-01-09,172,74
12956,Gomes,ÉLTON,1986-04-07,156,57
12958,Lima,LEANDRINHO,1985-11-09,169,62
12959,Wellington,AMORIM,1977-01-23,174,75
12964,Fábio,LUIS,1983-08-02,183,85
13155,César,SANTIN,1981-02-24,174,72
13156,Ferreira,ARI,1985-12-11,182,87
13177,Daniel,MENDES,1981-01-18,174,70
13185,Wílton,FIGUEIREDO,1982-03-17,183,79
13413,Almeida,AÍLTON,1984-08-20,180,74
13483,Serra,OLBERDAM,1985-02-06,182,82
13689,Jádson,VIERA,1981-08-04,192,86
13726,Vieira,MARCELO,1988-05-12,174,75
13754,Michel,BASTOS,1983-08-02,179,71
13777,Gonçalves,GIL,1980-09-13,172,68
13855,Pedro,OLDONI,1985-09-26,191,85
13980,Costa,ALANZINHO,1983-02-22,164,65
14158,Douglas,PACKER,1987-03-13,178,71
14257,Neves,DENÍLSON,1988-02-16,178,68
14261,Tiago,PRADO,1984-05-03,187,79
14264,João,ANDRADE,1981-10-13,174,77
14265,Bruno,MENEGHEL,1987-06-03,168,69
14267,Ferreira,ERNANE,1985-05-02,176,65
14269,Jorge,LUIZ,1982-04-22,192,80
14272,Caetano,VALDIRAM,1982-10-30,175,74
14278,Spellmeier,FELIPE,1986-04-05,180,80
14280,Fábio,FERREIRA,1984-10-04,187,80
14281,Moro,GIANCARLO,1982-10-18,191,88
14282,Rosa,IVO,1986-10-02,178,66
14283,Batista,LEANDRINHO,1983-12-02,169,73
14284,Andrade,MARCEL,1981-08-10,181,72
14287,Luiz,RAULEN,1983-09-19,181,72
14288,Carlos,VANDERSON,1979-10-22,176,79
14290,Katzor,WELLINGTON,1981-09-04,177,80
14296,José,FRANCIS,1982-04-30,180,75
14297,Anderson,MICHAEL,1983-02-16,173,73
14298,Thiago,GOMES,1982-02-17,191,74
14299,Santos,WENDEL,1981-10-08,177,70
14300,Raimundo,NONATO,1979-07-05,177,89
14301,Rodrigo,SOUZA,1982-03-04,185,80
14302,Morais,WELLITON,1986-10-22,174,69
14307,Juliano,CAVALHEIRO,1981-03-03,187,80
14311,Monteiro,WANDERLEY,1988-10-11,182,80
14313,Diego,SILVA,1985-01-24,175,81
14314,Henrique,GOEBER,1982-08-17,192,85
14317,Carmo,MARCELINHO,1983-02-16,180,72
14318,Vinícius,PACHECO,1985-09-27,173,75
14319,Alan,BAHIA,1983-01-14,170,70
14320,Alex,FRAGA,1986-05-22,181,84
14323,Baroni,CRISTIAN,1983-06-25,181,74
14326,Goebel,EVANDRO,1986-08-23,179,74
14328,Saraiva,IVÁN,1982-01-18,176,68
14329,Paulo,LEONARDO,1985-06-25,185,70
14334,Felipe,ADÃO,1985-11-26,189,80
14335,Felipe,SAAD,1983-09-11,187,80
14340,Narciso,ALEMÃO,1981-08-14,187,79
14344,Wellington,CHICÃO,1985-11-08,183,75
14346,Vian,GLÁUBER,1981-09-02,184,77
14347,Ferreira,IVAN,1980-11-02,172,67
14354,José,EUSÉBIO,1985-09-22,168,63
14360,Marcus,VINICIUS,1985-03-22,186,80
14361,Ânderson,XAVIER,1980-01-22,186,80
14362,Ribeiro,RENATO,1985-04-28,186,86
14364,Rafael,MOURA,1983-05-23,188,88
14371,Nazaré,ENRICO,1984-05-04,174,70
14384,Limeira,GABRIEL,1983-08-20,190,73
14408,Santos,CACA,1982-10-09,171,66
14413,Gilberto,MACENA,1984-04-01,172,71
14438,Carlos,SANTOS,1985-02-25,187,80
14639,Sena,JEFTHON,1982-01-03,183,84
14784,Guedes,BOLÍVAR,1980-08-16,185,74
14814,Júnior,CELSINHO,1988-08-25,177,75
14880,Heberson,RONNY,1986-05-11,175,74
15242,Fábio,BILICA,1979-01-04,187,80
15279,Alex,SILVA,1983-08-15,178,79
15286,Ramos,EVERTON,1983-06-08,177,74
15770,William,BARBOSA,1978-06-06,187,73
16038,Dennis,SOUZA,1980-01-09,190,85
16039,Barbosa,ALECSANDRO,1981-02-04,183,81
16097,Sidney,TITA,1981-07-20,165,70
16129,Gökçek,VEDERSON,1981-07-22,179,81
16138,Silvino,JABA,1981-05-20,165,66
16170,Mateus,PARANÁ,1987-05-21,173,73
16188,Araújo,ALLYSON,1982-01-28,186,81
16236,Leonardo,SILVA,1980-07-19,182,76
16383,Ricardo,ANDERSON,1983-03-22,189,79
16421,Éder,CECCON,1983-04-13,185,85
16433,Caetano,KAUE,1983-08-19,182,72
16461,Di,FÁBIO,1979-11-24,185,75
16486,Pinheiro,PAQUITO,1981-12-13,175,76
16499,Menezes,PAULINHO,1982-07-14,175,69
16505,Carlos,ALBERTO,1980-06-17,185,79
16534,Edu,SILVA,1981-08-11,178,73
16536,Leandro,JONES,1984-04-29,180,78
16568,José,MÉRCIO,1980-05-26,176,72
16570,Paulo,MUSSE,1978-03-11,195,90
16577,Júnior,ANILTON,1980-07-10,185,85
16581,Paulo,SÉRGIO,1981-07-21,184,83
16584,Montrimas,ALÊ,1981-09-11,184,79
16598,Magalhães,WEGNO,1983-03-11,175,70
16599,Batista,NIVALDO,1981-04-13,188,75
16600,Rodrigo,ALVIM,1983-11-25,182,75
16605,Pereira,JARDEL,1983-01-27,176,71
16612,Gonçalves,FÁBIO,1978-09-19,200,83
16621,Marcelo,LABARTHE,1984-08-12,174,64
16627,Francisco,ADRIANO,1985-10-14,174,64
16628,Vargas,CÁSSIO,1983-11-25,186,78
16631,Rodrigo,SILVA,1983-06-15,185,76
16636,Alves,ORESTES,1981-03-24,182,81
16637,Afonso,PAULÃO,1982-08-06,186,82
16638,Alexandre,NEI,1980-05-02,186,82
16639,Heleno,TONY,1983-12-15,180,78
16640,Leite,MATHEUS,1983-01-15,175,68
16807,Tarciso,MELINHO,1980-03-26,187,82
16839,Camargo,ANDREI,1988-02-06,175,69
17235,Renato,BONDI,1981-03-20,180,80
17340,Luiz,SACILOTTO,1983-03-18,180,80
17408,Guilherme,SIQUEIRA,1986-04-28,183,78
17411,Thiago,SCHUMACHER,1986-08-31,192,83
17435,Edevaldo,GRIMALDI,1984-06-06,192,83
17508,Diego,OLIVEIRA,1987-02-11,174,80
17671,Santos,SILVA,1982-08-27,184,80
17676,Fábio,SANTOS,1985-09-16,176,72
17718,Viana,ALESSANDRO,1982-08-10,177,67
17994,Magno,ALVES,1976-01-13,175,65
18003,Rafael,MAGNUM,1982-03-24,172,70
18018,Weisheimer,GUILHERME,1981-10-22,175,78
18036,Adorcelino,TUTA,1984-03-17,178,69
18080,Rodrigo,GRAL,1977-02-21,173,71
18215,Divino,ELTINHO,1987-07-07,171,66
18216,Leite,BATISTA,1979-07-12,173,70
18217,Ânderson,NEGUETE,1977-10-27,173,70
18218,Franchin,GUSTAVO,1982-02-19,186,84
18224,Carlos,AMARAL,1983-11-24,175,71
18225,Wagner,DINIZ,1983-09-21,171,67
18227,Júnior,RENATINHO,1987-05-14,173,63
18228,Rodrigues,LEANDRO,1982-01-31,187,85
18229,Gonçalves,JONAS,1984-04-01,181,75
18233,Felipe,GARCIA,1988-01-10,190,79
18234,Gonçalves,ALOÍSIO,1988-06-19,177,83
18236,Bruno,TELES,1986-05-01,183,75
18237,Ramos,CÁSSIO,1987-06-06,195,92
18238,Ricardo,JESUS,1985-05-16,186,82
18239,Aro,LÉO,1983-12-14,176,71
18240,Vieira,MAYCON,1985-02-14,180,78
18241,Caio,ALVES,1986-05-29,185,85
18243,Ramon,MOTTA,1988-05-06,173,65
18244,João,GUILHERME,1986-04-21,185,76
18245,Wellington,GUM,1986-01-04,189,86
18246,Soares,ATHIRSON,1985-07-22,181,80
18247,Danny,MORAIS,1985-06-29,188,78
18248,Alex,SILVA,1985-03-10,192,80
18249,Marcos,CAMOZZATO,1983-06-17,177,71
18250,José,TADEU,1986-04-01,189,80
18252,Augusto,CARLINHOS,1989-05-29,179,77
18253,José,RAMALHO,1980-06-03,180,75
18255,Ramos,GERSON,1981-03-29,174,70
18257,Reginaldo,MAICOSUEL,1986-06-16,178,59
18258,Júnior,PETER,1984-05-17,177,62
18259,Lucas,PIERRE,1982-01-19,172,66
18260,Mendonça,SANDRO,1983-10-01,176,73
18262,Cícero,JONATHAN,1986-02-27,170,72
18265,Wender,TECO,1982-08-11,188,82
18266,Thiago,HELENO,1988-09-17,183,77
18267,Léo,SILVA,1985-12-24,178,78
18268,Jesus,JONATHAS,1989-03-06,190,81
18270,Siqueira,WILLIAN,1986-11-19,175,71
18271,Marcos,AURÉLIO,1984-02-10,168,66
18272,Rafael,FEFO,1985-02-15,182,80
18273,André,ROCHA,1984-08-19,186,86
18274,Júnior,CARLÃO,1986-01-19,183,76
18276,Conserva,FÁGNER,1989-06-11,168,67
18277,Marinho,MARCELO,1984-03-02,186,90
18279,Fábio,BAHIA,1983-11-02,170,71
18280,Rafael,TORÓ,1986-04-13,171,73
18281,Renato,AUGUSTO,1988-02-08,186,81
18282,Ventura,MARLON,1986-11-21,185,83
18283,Thiago,SILVY,1986-06-12,178,69
18285,Marcio,GOIANO,1985-01-02,180,80
18288,Lúcio,FLÁVIO,1979-02-03,174,66
18321,Zé,ADRIANO,1985-10-29,184,78
18322,Jorge,HENRIQUE,1982-04-23,169,65
18331,Maurício,RAMOS,1985-04-10,185,80
18333,Cláussio,PITUCA,1978-10-08,186,75
18334,Wellinton,TOZIN,1984-11-10,180,80
18336,Cardoso,NEI,1985-12-06,175,72
18337,Ânderson,LUIS,1987-03-10,186,82
18338,Thiago,SILVA,1984-09-22,183,79
18339,Pereira,ROMEU,1985-02-13,179,72
18342,Juliano,MINEIRO,1986-02-14,173,73
18725,Silva,FILLIP,1981-11-23,173,73
18750,Marcelo,OLIVEIRA,1981-09-05,185,80
18785,Alexandre,CLEYTON,1983-03-08,175,69
18852,Alexandre,PATO,1989-09-02,179,71
19117,João,GABRIEL,1984-07-04,175,72
19173,Carlos,RINCÓN,1987-05-31,188,80
19341,David,JÚNIOR,1982-07-19,190,81
20163,Jajá,COELHO,1986-01-28,190,73
20463,João,SALES,1986-06-09,183,77
20607,Duarte,VALDOMIRO,1979-02-06,191,87
20646,Calixto,IRINEU,1987-03-27,187,83
20659,Juliano,ROMA,1985-02-16,167,63
20674,Xavier,ADEMAR,1985-01-08,176,77
20675,Claudiano,KAKÁ,1981-05-16,185,79
20676,Nóbrega,MARQUINHOS,1983-03-22,183,76
20677,Mendonça,WILLIAMS,1983-08-05,170,65
20773,Marcelo,SARAGOSA,1982-01-22,180,72
20918,Júnior,ALVES,1978-09-20,183,75
20993,Zé,LEANDRO,1985-05-14,181,75
21273,Bonifácio,PAULINHO,1975-12-30,165,61
21284,Márcio,AZEVEDO,1986-02-05,175,73
21296,André,ALVES,1983-10-15,181,76
21671,Luiz,ADRIANO,1987-04-12,183,76
21680,José,DUARTE,1980-07-06,188,84
21743,Júlio,CESAR,1983-01-19,184,77
21759,Ribeiro,WAGNER,1987-11-14,180,72
21803,Ely,THADEU,1982-08-12,170,70
21966,Costa,ANDERSON,1984-03-13,188,87
22360,Adriano,MEZAVILLA,1983-01-14,178,68
22375,Rômulo,TOGNI,1982-09-09,183,76
22386,Gomes,HENRIQUE,1982-08-20,187,79
22394,Samuel,CAMAZZOLA,1982-08-30,183,73
22539,Júlio,DANILO,1986-01-09,181,70
22562,Rodrigues,ADALBERTO,1987-11-16,185,81
22589,Souza,EUDIS,1983-08-05,179,72
22645,David,LUIZ,1987-04-22,189,84
22657,Tiago,CAVALCANTI,1984-09-05,183,81
22660,Rodrigues,CIDIMAR,1984-07-01,184,75
22688,Collônia,LEÂNDERSON,1982-09-13,181,76
22697,Sales,LEOZINHO,1985-12-12,169,68
22782,Leandro,MAKELELE,1985-02-26,173,65
23159,Pedro,ANDERSON,1980-05-17,183,76
23371,Márcio,TINGA,1985-08-12,180,75
23373,Aparecido,ÉLTON,1985-05-09,187,80
23374,Silveira,THIAGO,1986-03-25,183,76
23375,Tiago,MARTINS,1985-01-05,178,74
23378,Dutra,OTAVIO,1983-11-22,190,82
23382,Murilo,LILO,1983-05-27,180,70
23386,Diego,BENEDITO,1986-04-22,193,84
23425,Márcio,ARAÚJO,1984-06-11,172,68
23458,Santos,GILMAR,1984-03-09,177,74
23467,Santos,ANDERSON,1978-11-30,186,88
23476,Maobe,PLATINI,1987-06-22,175,70
23477,Leandro,EUZÉBIO,1981-08-18,187,81
23479,Luís,AUGUSTO,1983-11-20,177,73
23494,Leandro,LOVE,1985-12-03,180,78
23502,Raphael,BOTTI,1981-02-23,174,68
23510,Rodrigues,JOSIMAR,1987-08-16,184,82
23515,Márcio,RICHARDES,1981-11-30,173,67
23557,Neto,DUDU,1980-02-02,178,76
23581,Tavares,ANDREZINHO,1983-07-30,181,74
23588,Zé,CARLOS,1983-04-24,185,85
23617,Rodrigues,NÁDSON,1982-01-30,175,68
23689,Luiz,FERNANDINHO,1985-11-25,171,66
23696,Martins,DENÍLSON,1976-09-04,179,80
23703,Cardoso,SANDRO,1980-03-22,182,82
23710,Costa,LEANDRÃO,1983-07-18,189,87
23750,Fernandes,LUIZINHO,1985-07-27,175,74
23758,Conceicão,ROGÉRIO,1984-09-20,191,85
23764,Oliveira,ENINHO,1981-05-16,175,74
23817,Fernando,BOLDRIN,1989-02-23,181,75
24545,Eduardo,ARROZ,1981-05-04,179,69
24548,Edson,BORGES,1985-01-20,192,82
24549,Almir,SERGIPE,1985-07-17,179,72
24550,Luciano,TOTÓ,1983-06-28,184,74
24551,Peixoto,JHON,1988-10-22,181,84
24553,Reinaldo,FELIPE,1978-04-17,173,79
24554,Danilo,LINS,1986-05-23,179,75
24556,Vágner,ROSA,1983-03-17,175,67
24557,João,VICTOR,1988-11-07,181,75
24558,Souza,ELICARLOS,1985-06-08,175,75
24559,Feitosa,SIDNY,1981-07-21,170,56
24561,Luiz,DELEU,1984-03-01,176,73
24564,Henrique,RODOLPHO,1981-07-11,180,80
24565,Rogélio,BALOTELLI,1987-07-07,190,80
24567,Pinheiro,MAX,1983-07-10,188,83
24569,Oliveira,GEOVANE,1985-08-05,171,70
24574,Alexandre,MARCINHO,1980-11-11,172,69
24605,Wellington,TOM,1985-07-23,180,67
24618,Beto,CACHOEIRA,1981-10-25,180,71
24677,Soares,DAKSON,1987-07-11,180,75
24682,Alex,COSTA,1989-01-29,182,77
24690,Bonfim,MARCÃO,1989-01-07,187,75
24887,Ribeiro,ANDERSON,1981-07-02,180,70
25106,Pereira,URANIO,1977-12-12,177,75
25107,Dias,CHARLES,1984-04-04,179,75
25265,Carlos,EDUARDO,1987-07-18,171,64
25268,Reges,FERNANDO,1987-07-25,182,72
25269,Pedro,BOTELHO,1989-12-14,186,79
25270,Borges,WILLIAN,1988-08-09,175,75
25271,Marcelo,LULINHA,1990-04-10,170,67
25289,Alexandre,JAÍLSON,1981-06-16,176,66
25309,Souza,ALAN,1987-12-09,174,65
25394,Nicolas,CEOLIN,1986-04-10,183,75
25608,Maurcio,SALLES,1978-03-03,188,84
25621,Fernando,OLIVEIRA,1984-05-11,183,81
26033,Vieira,RAFAEL,1978-08-01,187,81
26073,Scapini,RAFINHA,1982-06-29,182,79
26394,Éverton,SANTOS,1986-10-14,176,76
26627,Ronaldo,VANIN,1983-01-31,179,72
26673,António,FERREIRA,1984-10-24,192,80
26822,Rafael,LEDESMA,1982-12-31,180,69
26834,EVERTON,PEREIRA,1979-11-15,184,70
26837,Vieira,KLEYR,1980-09-14,185,72
26843,Bezerra,PAULINHO,1988-07-25,180,71
26845,Francisco,RODNEI,1985-09-11,190,91
26886,Oliveira,WILLER,1979-11-18,172,68
26916,Botelho,PEDRINHO,1992-11-24,178,76
26972,Borges,BRENO,1989-10-13,187,83
26973,Gusmão,GUILHERME,1988-10-22,175,76
26978,Silva,LAIONEL,1986-04-27,177,70
26979,Deyvid,SACCONI,1987-04-10,174,67
27546,Cícero,JUNINHO,1986-06-21,173,63
27568,Souza,JHONNES,1984-04-22,193,77
27737,Carlos,EDUARDO,1980-04-19,191,82
27762,Fabiano,LIMA,1985-11-20,185,82
27764,Oliveira,MARCELINHO,1984-01-10,180,77
27827,André,LIMA,1985-05-03,185,84
27872,Adriano,FELICÍO,1980-01-22,179,75
27873,Júlio,CÉSAR,1986-09-02,192,86
27877,Anderson,HERNANES,1985-05-29,180,77
27878,William,AMARAL,1986-10-07,181,72
27879,Rodrigues,ERNANDO,1988-04-17,184,74
27880,Fabrício,CARVALHO,1978-02-18,191,80
27881,Felipe,MENEZES,1988-01-20,185,76
27883,Luiz,HENRIQUE,1987-08-24,176,70
27884,Veit,MAURINHO,1983-12-21,180,72
27885,Paulo,HENRIQUE,1983-03-27,187,79
27888,Bruno,FARIAS,1987-11-20,175,69
27889,David,BRAZ,1987-05-21,187,82
27890,Luiz,HENRIQUE,1981-07-02,169,69
27891,Luis,GUEGUEL,1986-09-14,191,82
27892,Filho,MARQUINHO,1986-07-03,182,70
27893,Ribeiro,VALMIR,1986-10-11,174,66
27896,Antônio,JÚNIOR,1986-02-28,182,80
27897,Oliveira,MARCELINHO,1981-03-09,173,70
27900,Xavier,VÍLSON,1988-04-03,189,82
27901,Ânderson,LUIS,1988-07-31,175,75
27902,Jorge,ARI,1986-04-18,188,76
27903,Matheus,CARLINHOS,1984-08-02,182,80
27904,Cleiton,XAVIER,1983-03-23,179,74
27905,Diogo,ROQUE,1986-10-13,180,85
27906,Antunes,DIOGO,1986-10-29,181,80
27907,Jean,CARLOS,1984-03-17,178,74
27908,Lucas,MARQUES,1988-03-26,173,67
27909,Michel,SCHMÖLLER,1987-11-11,184,73
27910,Otacilio,NETO,1982-10-17,180,75
27912,Rafael,LIMA,1986-03-08,190,82
27914,Stolk,VANDERSON,1987-02-26,181,75
27916,Rodrigues,WILSON,1984-01-31,185,79
27923,Warken,ADÍLSON,1987-01-16,181,72
27924,Oliveira,DOUGLAS,1986-01-30,186,83
27925,Pereira,ITAQUI,1988-02-28,176,70
27926,Luiz,JUCEMAR,1980-07-20,176,70
27929,Willian,MAGRÃO,1987-02-16,188,81
27932,Cardoso,ÉVERTON,1988-12-11,174,66
27933,Léo,MATOS,1986-02-04,182,75
27934,Rodrigo,LIMA,1983-08-11,178,78
27935,Luis,HENRIQUE,1979-01-29,185,84
27937,Clennyson,XAVES,1986-02-27,174,73
27939,Anderson,LUIS,1988-09-15,170,66
27940,Fernando,CHARLES,1985-02-14,173,72
27941,Daniel,TIJOLO,1982-05-30,186,80
27942,Alves,FERNANDINHO,1981-04-16,172,72
27943,Rafael,GATTI,1984-09-05,187,79
27944,Samora,HÉRICK,1987-01-26,180,78
27945,Leandro,DOMINGUES,1983-08-24,173,69
27946,Léo,FORTUNATO,1983-03-14,184,81
27948,Mariano,FERREIRA,1986-06-23,177,70
27949,Miguel,NENÊ,1983-07-28,183,78
27950,Paulinho,DIAS,1988-05-13,174,71
27951,Santos,RAMIRES,1987-03-24,180,70
27952,Reis,WELLINGTON,1989-01-09,187,78
27953,André,MORITZ,1986-08-06,187,83
27954,Marinho,CARLINHOS,1983-06-23,184,74
27955,Oliveira,DAVID,1982-05-29,178,72
27957,Silveira,MAURÍCIO,1988-10-21,180,72
27958,Ricardo,BERNA,1979-06-11,189,85
27959,Thiago,NEVES,1985-02-27,182,70
27962,Bruno,RECIFE,1982-03-02,180,73
27964,Barbosa,ÉVERTON,1983-10-02,171,70
27965,José,FUMAGALLI,1977-10-05,177,74
27966,Fábio,GOMES,1981-02-06,179,74
27967,Alessandro,MAGRÃO,1977-04-09,187,79
27969,Vítor,JÚNIOR,1986-09-15,167,62
27970,Ânderson,AQUINO,1986-12-18,174,70
27971,Ferreira,ADRIANO,1982-01-21,175,76
27973,Felício,JI-PARANÁ,1987-06-11,172,72
27974,Jessue,JONAS,1987-02-10,181,82
27975,Luciano,HENRIQUE,1978-10-10,170,72
27977,Roger,GAÚCHO,1986-03-30,175,65
27978,Rechel,SIDNEI,1989-08-23,185,80
27979,Tarouco,TÍTI,1988-03-12,188,83
27980,Luís,WELLINGTON,1988-02-11,186,84
27981,Bonfim,DENTINHO,1989-01-19,175,70
27982,Araújo,KADU,1986-07-20,189,80
27984,Luiz,FELIPE,1984-02-22,190,84
27985,Marcelo,OLIVEIRA,1987-03-29,184,76
27986,Daniel,MORADEI,1986-02-05,175,67
27987,Luiz,ZELÃO,1984-11-12,188,89
27991,Vinicíus,ADONIRAN,1985-12-12,172,70
27992,Bispo,ADRIANO,1987-05-29,171,70
27993,Rodrigo,ARAÚJO,1988-05-12,188,77
27994,Alves,DÍONÍSIO,1988-01-18,169,66
27995,Leonardo,FABINHO,1983-07-11,170,70
27996,Rodrigues,HUDSON,1988-01-30,179,68
27997,Guedes,MARCELO,1987-05-25,191,85
27998,Júnior,MORAES,1987-04-04,180,74
28000,Beltrame,WESLEY,1987-06-24,177,67
28001,Grando,CHICO,1987-02-02,184,84
28002,Telmário,DINEI,1983-11-11,186,76
28004,Gonçalves,KAIO,1987-07-06,186,74
28005,Andrade,ROBERTO,1988-04-24,178,77
28010,Bairros,DANILINHO,1987-03-11,164,60
28011,José,GALVAO,1982-07-08,187,79
28012,Schweger,GERMANO,1981-03-21,177,78
28014,Oliveira,MARCINHO,1984-07-20,171,74
28015,Paulo,HENRIQUE,1989-03-13,185,79
28016,Fernandes,RENAN,1986-06-19,186,82
28017,Ferreira,RICARDINHO,1984-09-09,170,69
28018,Valdecir,TCHÔ,1987-04-21,175,70
28021,Éder,LUIS,1985-04-19,169,70
28023,Araújo,EGÍDIO,1986-06-16,177,69
28026,Bruno,VIEIRA,1985-08-30,179,74
28029,Gabriel,MACHADO,1989-09-02,182,76
28031,Guilherme,FINKLER,1985-09-24,184,78
28032,James,DENS,1986-08-14,174,65
28034,Léo,SILVA,1979-06-22,192,82
28036,Michel,ALVES,1981-03-25,187,86
28037,Pedro,CARMONA,1988-04-15,177,77
28038,Renato,CAJÁ,1984-09-15,173,70
28040,Luís,EBER,1981-09-20,191,84
28041,Gérson,MAGRÃO,1985-06-13,181,72
28043,Moreno,KAYKE,1988-04-01,182,78
28044,Paulo,SÉRGIO,1989-06-11,183,70
28046,Francisco,BERG,1983-09-06,168,71
28047,Edinaldo,BEA,1982-05-12,178,74
28048,Cláudio,CÉLIO,1978-03-09,180,79
28049,Ney,SANTOS,1981-02-23,181,81
28050,Anderson,NUNES,1982-01-21,184,82
28052,Reinaldo,SILVA,1984-05-25,184,78
28055,Thiago,MACHADO,1984-03-10,178,72
28057,Arthur,WILLIAM,1982-07-27,185,82
28059,Breno,SILVA,1986-11-01,180,78
28060,Daniel,SOBRALENSE,1983-02-10,173,68
28061,Bolla,FABIANO,1977-09-19,186,75
28062,Mouzinho,ONILDO,1987-05-22,182,75
28063,Rafael,MINEIRO,1986-02-14,173,70
28064,Neto,TONINHO,1981-04-27,186,79
28288,Santos,ELIOMAR,1987-02-12,177,70
28415,Marcos,TAMANDARE,1981-03-20,177,73
28460,Carmo,EDIMÍLSON,1987-10-15,175,71
28478,Gerlem,WILLIAN,1984-08-07,182,86
28530,Diego,RIGONATO,1988-03-09,175,72
28575,André,NUNES,1984-04-14,187,86
28626,Igor,SIQUEIRA,1988-06-14,180,79
28636,Freitas,DOUGLAS,1982-03-16,175,78
28646,Alves,DIANO,1981-10-07,183,77
28651,Dudu,PARAIBA,1985-03-11,181,71
28698,Rocha,ADI,1985-12-15,184,80
28755,Vicente,MARQUINHOS,1981-09-29,181,81
28823,Fernando,HUDSON,1986-07-18,172,70
28865,Cristiano,THOMAS,1987-02-11,185,81
28876,Daniel,ROSSI,1981-01-04,185,83
29049,Barrios,LEANDRINHO,1986-06-06,178,78
29067,Burgel,FRED,1986-01-15,188,83
29165,Émerson,CONCEIÇÃO,1986-02-23,182,79
29221,Jonas,BRIGNONI,1983-07-04,188,80
29441,Alan,KARDEC,1989-01-12,185,75
29536,Jonathan,REIS,1989-06-06,182,82
29571,Marcos,TAVARES,1984-03-30,176,82
29596,Edson,RATINHO,1986-05-31,170,64
29602,Marco,AURELIO,1983-03-27,182,70
29658,Eduardo,BRITO,1982-09-21,179,72
29690,Gonçalves,EVERTON,1990-02-05,186,80
29714,Carneiro,KEIRRISON,1988-12-03,184,65
29724,Leandro,CHAVES,1983-10-04,177,74
29725,Elionar,BOMBINHA,1982-06-10,187,80
29903,Alves,ÉLVIS,1977-08-23,183,74
29910,Paulo,VINICIUS,1984-08-12,186,84
29913,Luciano,AMARAL,1982-10-20,180,73
29922,Thiago,SCHMIDT,1984-03-10,187,84
29923,Rafael,BASTOS,1985-01-01,185,75
29924,Evandro,PAULISTA,1987-09-26,186,79
29925,João,PAULO,1985-05-13,184,78
29927,Evandro,RONCATTO,1986-05-24,182,79
29929,Jesualdo,KIKO,1978-08-24,183,80
29931,Fernando,PILAR,1979-02-02,182,75
29932,Márcio,CARIOCA,1983-05-02,178,78
29938,Felipe,LOPES,1987-08-07,188,84
29941,Carlos,CARDOSO,1984-09-11,190,85
29945,Borges,MATEUS,1983-06-25,172,71
29948,João,MOSSORO,1985-06-24,181,78
29950,Anderson,MARCELAO,1981-01-23,188,77
29957,Diego,ÂNGELO,1986-02-12,192,89
29958,Farias,DUDU,1982-02-10,179,74
29961,Santana,EANES,1980-11-30,162,57
29971,Léo,BONFIM,1983-01-14,186,80
29972,Sobrinho,PAULINHO,1983-08-24,173,67
29973,Severino,ROBSON,1983-07-10,186,80
29975,Leandro,BRANCO,1983-06-02,178,69
29994,Maicon,BAGGIO,1982-02-11,189,84
30028,Fonseca,YURI,1982-08-08,180,75
30076,Caetano,CALIL,1984-05-20,184,75
30104,Medina,FABIANO,1982-01-18,192,79
30130,Pinheiro,RAFAEL,1982-03-03,187,80
30195,Renan,PIPPI,1984-01-23,184,80
30330,Daniel,MINORELLI,1984-07-31,174,68
30432,João,VICTOR,1984-02-13,177,74
30433,Rodrigues,ALDO,1988-02-11,174,71
30434,Luís,ALBERTO,1983-11-17,183,78
30436,Ânderson,PICO,1988-11-04,169,79
30437,Lacerda,LÉO,1988-01-30,184,81
30444,César,LUCENA,1980-07-06,189,80
30445,Barbosa,DIOGO,1984-12-18,173,64
30446,José,ROSEMBRICK,1979-04-03,182,62
30454,Luiz,RHODOLFO,1986-08-11,193,84
30457,Carlos,EDUARDO,1986-11-20,178,69
30458,Thiago,SALES,1987-05-07,190,78
30459,Noronha,RÔMULO,1987-04-02,186,78
30463,Rejane,TALES,1981-10-13,178,66
30465,Pereira,ÉDSON,1985-09-24,189,85
30466,Tadeu,JUNINHO,1981-07-09,186,85
30468,Leandro,ALMEIDA,1987-03-14,188,82
30469,Ferreira,NILTÓN,1987-04-21,185,90
30470,Durães,HÉVERTON,1985-10-28,169,66
30472,Thiago,ARAÚJO,1988-02-18,181,72
30473,Siqueira,JEFFERSON,1988-01-06,189,77
30474,Alex,CAZUMBA,1988-06-30,182,72
30475,Renan,SILVA,1984-01-05,181,80
30477,Barbosa,SÉRVULO,1985-12-21,185,82
30479,Jerônimo,WENDES,1988-09-04,178,75
30480,Weslley,BRASÍLIA,1981-05-07,173,71
30484,Souza,WANDERSON,1980-10-13,175,72
30530,Cristiano,GOMES,1985-02-20,180,70
30537,Bruno,COUTINHO,1986-06-21,184,80
30585,Fortunatti,GIOVANI,1984-05-22,170,65
30712,Ferreira,OSMAR,1987-03-21,181,82
30759,Lago,WAGNER,1978-01-01,178,73
30926,Cerqueira,SIMÃO,1988-10-25,175,70
30935,Roberto,AYZA,1981-05-19,172,65
31004,Eli,MARQUES,1982-03-14,175,74
31012,Silva,LEANDRO,1985-06-26,180,72
31119,Ferreira,CIEL,1982-03-31,180,72
31168,Diego,SILVA,1982-10-23,181,80
31237,Pereira,RICARDINHO,1988-08-08,179,73
31517,Paulinho,GUERREIRO,1986-04-09,173,75
31554,Daniel,BUENO,1983-12-15,184,80
31702,Moura,LEYRIELTON,1988-06-22,171,64
31725,Geraldo,LEONARDO,1985-08-04,171,78
31728,Guilherme,SANTOS,1988-02-05,173,70
32033,Zé,SOARES,1983-07-27,173,64
32092,Martins,ROGÉRIO,1984-11-19,178,75
32102,Conceição,RENATO,1981-06-14,177,75
32119,Pereira,LEONARDO,1986-09-22,173,70
32211,Douglas,SILVA,1984-03-07,186,80
32239,Magalhães,KASSIO,1987-02-11,192,80
32273,João,LUIZ,1985-12-20,182,79
32278,Rafael,BRACALLI,1981-05-05,185,76
32325,Sérgio,MOTA,1989-11-16,175,70
32333,Danilo,SILVA,1986-11-24,185,70
32334,Léo,ITAPERUNA,1989-04-12,173,63
32335,Vinícius,TARTÁ,1989-04-13,171,65
32336,Luiz,APODI,1986-12-13,172,66
32337,Buss,HENRIQUE,1986-10-14,185,73
32338,Leandro,VICTOR,1983-01-21,193,84
32339,Barbosa,MAYLSON,1989-03-06,180,71
32340,Túlio,SOUZA,1983-03-25,176,73
32341,Vitor,CASTRO,1988-02-27,180,72
32342,Pacheco,EDUARDO,1987-03-22,187,76
32344,Araújo,REGINALDO,1982-02-04,166,60
32345,Hélton,LUIZ,1987-01-02,171,64
32347,Éverton,RIBEIRO,1989-04-10,174,69
32494,Thiago,CARLETO,1989-03-24,177,74
32529,Luiz,ANDREZINHO,1985-07-02,173,68
32636,André,ASTORGA,1981-01-07,190,86
32700,Marcelo,TAVARES,1980-08-30,187,81
32706,Farias,VANDERLEI,1984-02-01,195,86
32707,Luiz,DICK,1984-02-13,187,79
32709,Pedro,KEN,1987-03-20,181,75
32710,Leandro,DONIZETE,1982-05-18,175,70
32712,Ladeira,FRED,1984-04-27,184,83
32713,Elson,DIAS,1991-04-10,178,72
32744,Antônio,CAIO,1980-11-10,168,61
32747,Leandro,SILVA,1979-06-10,183,84
32872,Santo,DIOGO,1987-05-26,176,71
32874,José,YTALO,1988-01-12,177,66
32899,Tiago,LUÍS,1989-03-13,176,74
32901,Alex,TEIXEIRA,1990-01-06,173,70
32923,Domingues,CLAUDEMIR,1988-03-27,185,72
32959,Luiz,GUSTAVO,1987-07-23,187,80
33021,Carlos,SILVIO,1985-02-01,183,80
33038,Eric,BOTTEGHIN,1987-08-31,192,89
33064,Bruno,GALLO,1988-05-07,182,75
33219,Tofolo,ALEMÃO,1989-03-02,185,71
33233,Lacerda,EDMAR,1982-04-19,175,69
33235,Marco,AURÉLIO,1986-07-08,177,74
33236,Halleson,PHILCO,1989-02-04,183,80
33284,Denilson,GABIONETTA,1985-10-05,178,70
33306,Danildo,ACCIOLY,1981-03-30,187,83
33307,França,ANSELMO,1981-06-10,187,84
33311,Batista,JOSA,1984-09-24,182,76
33312,Júlio,CÉSAR,1979-10-20,183,78
33328,Carvalho,ALAN,1989-07-10,183,74
33343,Paulo,ALMEIDA,1981-04-20,176,74
33350,Hélder,SANTOS,1988-10-21,181,79
33351,Rafael,CARIOCA,1989-06-18,179,72
33352,Guimarães,HUGO,1986-01-06,182,77
33360,Diogo,PESSANHA,1988-02-26,182,69
33361,Sousa,DERLEY,1986-08-02,187,70
33362,Ricardo,LOPES,1977-03-18,183,75
33363,Santos,RENAN,1989-05-18,189,87
33364,Bruno,COSTA,1987-01-15,181,82
33365,Eduardo,NETO,1988-10-24,185,76
33366,Fábio,SANTOS,1987-04-21,184,74
33367,Eduardo,LUIZ,1983-01-31,188,83
33369,Paulino,PABLO,1988-08-03,177,69
33370,Rodrigo,ANTÔNIO,1987-07-27,179,76
33372,Josef,SOUZA,1989-02-11,176,77
33373,Renan,OLIVEIRA,1989-12-29,182,72
33374,Almeida,FABINHO,1983-11-29,173,69
33375,Alexandre,NEY,1977-09-17,189,89
33376,Anderson,MARTINS,1987-08-21,184,80
33377,Carlos,ALBERTO,1984-01-08,180,70
33378,Marcelo,CORDEIRO,1981-12-04,175,71
33380,Valmir,BIDA,1984-08-02,181,77
33381,Danilo,RIOS,1988-06-09,175,72
33384,Luiz,MURIQUI,1986-06-16,172,72
33386,Silva,RICARDINHO,1985-06-10,173,72
33387,Santana,WILLIANS,1988-05-22,182,78
33388,Francisco,ALEX,1983-12-23,178,71
33389,Rinaldo,KÁSSIO,1987-05-23,176,64
33390,Fraga,EDIMAR,1986-05-21,180,70
33391,Francesco,GIAN,1982-09-19,190,82
33392,Márcio,GABRIEL,1982-04-18,169,65
33393,Feitosa,JACKSON,1982-09-16,174,82
33394,Pereira,ADEÍLSON,1985-10-07,187,73
33395,Neto,BAIANO,1982-09-17,187,82
33397,Éder,SCIOLA,1985-09-25,181,80
33476,Rubenilson,KANU,1987-09-23,180,75
33488,Almeida,LEANDRO,1985-03-31,185,79
33490,Bruno,SANTOS,1983-08-31,182,85
33491,Barriviera,VINÍCIUS,1985-07-19,192,86
33492,Leandro,SOUZA,1986-02-24,187,80
33493,Rosa,RUDNEI,1984-10-07,187,82
33495,Douglas,SILVA,1993-10-27,187,90
33496,Trevizan,FELIPE,1987-05-15,193,85
33497,Borges,JÉCI,1980-04-22,184,77
33498,Carlinhos,PARAÍBA,1983-04-03,170,67
33499,Jefferson,MICHAEL,1982-01-21,167,55
33500,Rodrigo,MANCHA,1986-06-16,189,83
33510,Felipe,ALMEIDA,1985-04-20,197,88
33530,Souza,SANDRO,1988-05-17,180,78
33531,Filipi,SOUZA,1987-07-27,174,68
33532,Anderson,SALLES,1988-02-16,181,75
33533,PauloHenrique,GANSO,1989-10-12,184,70
33628,Calijuri,MAYCON,1986-06-06,179,71
33653,Diego,GAMA,1984-03-22,183,85
33654,Givanildo,HULK,1986-07-25,180,85
33674,Montera,LEANDRO,1985-02-12,176,72
33681,Amaral,GILSINHO,1984-04-04,172,65
33713,Rogério,ÍNDIO,1981-11-21,177,70
33715,Rafael,PATY,1981-03-15,180,80
33741,Wellington,SILVA,1987-05-27,190,85
33746,Tadeu,ANSELMO,1980-10-24,183,79
33751,Daniel,MORAIS,1986-05-12,180,79
33766,Daniel,BAMBERG,1984-04-23,175,65
33776,Fernando,WALLACE,1986-10-29,183,72
33883,Santos,FABIO,1981-02-23,183,78
33914,Edgar,SILVA,1987-01-03,191,86
33936,Pires,ÁLVARO,1985-03-11,181,88
34047,Humberto,RÉVER,1985-01-04,191,84
34067,Felipe,MATTIONI,1988-10-15,178,69
34068,Erick,MAGRãO,1983-08-08,177,76
34069,Formagini,MADSON,1986-05-21,160,58
34070,Bruno,RODRIGO,1985-04-12,186,82
34154,Éder,LIMA,1987-01-09,182,75
34155,Bruno,FERRAZ,1984-06-11,181,80
34156,Farias,CAMILO,1986-03-09,174,72
34157,Francisco,JAJÁ,1986-11-29,170,66
34158,Fabinho,ALVES,1986-06-11,175,68
34160,Nascimento,MAURÍCIO,1988-09-20,185,77
34161,Fabinho,CAPIXABA,1983-11-27,179,75
34162,Sandro,SILVA,1984-04-29,182,71
34163,Júnior,JUMAR,1986-04-28,172,74
34164,Wallace,REIS,1987-12-26,186,78
34165,Marco,ANTÔNIO,1984-11-09,182,74
34166,Gonçalves,MARQUINHOS,1989-10-19,175,68
34167,João,PAULO,1983-10-08,182,72
34168,Wanderson,NEGRETTI,1985-12-16,183,77
34169,Eduardo,GOTTARDI,1985-10-18,193,87
34170,André,LUÍS,1977-05-06,181,73
34171,Azevedo,RALPH,1988-08-07,174,78
34173,Santos,HALISSON,1985-06-28,188,74
34174,Carlos,ALBERTO,1981-04-23,187,86
34178,Ferreira,PRETO,1981-06-12,174,69
34181,Pina,EDU,1989-01-23,180,76
34182,Victor,SILVA,1988-06-23,184,80
34184,Vinícius,RECHE,1984-01-28,175,73
34187,Alexandre,GUARÁ,1981-12-02,168,70
34188,Alex,SILVA,1980-06-09,169,64
34191,Henrique,DIAS,1984-05-23,171,66
34194,Welton,FELIPE,1986-06-15,194,92
34196,Júnior,SERGINHO,1986-08-04,178,70
34197,Renan,FOGUINHO,1989-10-09,181,75
34198,Gabriel,PIMBA,1990-07-04,173,67
34199,Guilherme,CHOCO,1990-01-18,173,70
34200,Monteiro,WALLYSON,1988-10-17,178,65
34202,Bruno,PERONE,1987-07-06,191,87
34203,William,MATHEUS,1990-04-02,181,71
34204,Bruno,AGUIAR,1986-03-25,186,84
34210,Barcellos,TAISON,1988-01-13,172,64
34211,Édson,SILVA,1986-05-09,187,80
34212,Batista,ALEXANDRO,1986-11-06,184,80
34217,Signorini,ROBINHO,1987-11-10,170,67
34219,Fernando,LEAL,1981-10-24,192,90
34221,Léo,OLIVEIRA,1978-05-28,180,72
34222,Belchior,RODRIGUINHO,1980-07-03,184,74
34224,Leandro,SALINO,1985-04-22,170,69
34225,Gonçalves,UENDEL,1988-10-08,179,73
34226,Marques,MAICÓN,1990-02-18,183,78
34228,Júlio,CÉSAR,1984-10-27,185,78
34229,Wellington,SACI,1985-01-05,173,73
34230,Santos,DOUGLAS,1982-02-18,175,75
34231,Eduardo,RAMOS,1986-03-25,177,73
34232,Mendes,ELIAS,1985-05-16,173,70
34565,Back,AISLAN,1988-01-11,193,90
34573,Gomes,FILIPE,1987-05-28,180,74
34812,Rodrigo,POSSEBON,1989-02-13,185,76
34817,Silva,SANDRO,1986-03-19,178,78
34841,Constância,THIAGO,1984-12-21,182,77
34863,Tiago,TREMONTI,1985-06-08,173,72
34926,Fellipe,BASTOS,1990-02-01,176,76
34928,Magno,NOVAES,1983-03-30,184,82
34935,Leonardo,CHINA,1980-08-14,174,72
34944,Iorlando,MARQUES,1985-01-14,185,79
34945,Pereira,MAICON,1988-09-14,190,80
34947,Tiago,RANNOW,1982-09-03,,
34948,Acácio,CARCIANO,1981-05-13,180,76
34949,Lopes,MATHEUS,1985-03-08,190,86
34950,Araújo,MAYKON,1984-04-20,179,78
34961,Maikon,LEITE,1988-08-03,168,65
34967,Eduardo,ERÉ,1988-03-12,174,64
34987,Michel,PLATINI,1983-09-08,189,81
34999,Everton,TOM,1986-03-18,181,68
35027,Décio,JUCEMAR,1986-08-10,174,73
35077,Elton,LIRA,1986-09-21,185,75
35221,Ribeiro,AIRTON,1990-02-21,182,76
35224,Nascimento,CLÉBER,1986-06-03,176,64
35242,Léo,VELOSO,1987-05-29,179,72
35249,Douglas,JESUS,1983-03-09,188,80
35266,Vanderlei,JEAN,1986-06-24,172,70
35352,Daniel,LEMOS,1990-01-05,173,70
35372,Barbosa,RIVALDO,1985-08-25,181,75
35373,Marcio,SENNA,1981-05-21,175,70
35374,Willian,SAROA,1987-09-18,184,81
35454,Vinicius,EVANDRO,1987-04-23,179,71
35491,Ferreira,HÉLDER,1988-04-13,175,68
35506,Ferreira,DOUGLÃO,1986-08-15,193,84
35529,Leandro,CARRIJO,1985-09-03,190,76
35608,Francisco,CAIUBY,1988-07-14,184,80
35703,Douglas,COSTA,1990-09-14,170,65
35752,Gomes,LEANDRÃO,1984-01-05,188,91
35763,Reinaldo,ANDREZINHO,1982-08-11,170,70
35773,Pedro,BEDA,1989-03-05,185,70
35778,Barbosa,MARQUINHOS,1982-10-21,194,80
35798,Vieira,JAEL,1988-10-30,186,88
35846,Anderson,GONZAGA,1983-12-29,183,75
35868,Silva,ROGELIO,1982-02-04,183,79
35973,Renato,SANTOS,1987-01-30,187,90
35975,Fernandes,DIOGO,1985-12-15,175,70
35976,Rodrigo,PAULISTA,1988-01-11,181,75
35977,Marcio,TARRAFAS,1985-04-13,175,70
35979,Sciola,SIDNEI,1986-11-02,176,71
35986,Vítor,JUNIOR,1985-02-02,176,71
35987,Michel,SIMPLICIO,1982-03-26,180,75
35993,José,WIRES,1982-12-30,177,70
35997,Wanderson,BAIANO,1987-02-23,177,69
35998,Vanderlei,MASCARENHAS,1982-10-19,186,90
35999,Maciel,OZÉIA,1982-12-11,190,84
36000,Leandro,TATU,1982-04-26,173,70
36005,Torres,DARLEY,1989-12-15,188,76
36036,Marcus,DINIZ,1987-08-01,181,81
36043,Luiz,HENRIQUE,1982-09-23,177,74
36051,Scardovelli,VANDERSON,1984-09-27,175,74
36217,Everson,ALEMAO,1982-11-29,182,79
36237,José,ALMIR,1985-08-22,179,72
36316,José,DAVI,1984-03-10,183,80
36321,Luis,MARANHÃO,1984-06-19,175,74
36385,Marcel,SACRAMENTO,1987-08-24,183,75
36409,Alexandre,MATÃO,1986-03-26,173,85
36448,Cirino,DANILO,1986-11-11,183,73
36541,Rafael,MAKANAKI,1983-10-08,175,65
36549,Wether,CHARLES,1984-03-11,165,65
36560,Willian,SCHUSTER,1987-05-31,180,76
36597,Paes,HELINHO,1980-12-27,175,75
36630,Erick,FLORES,1989-04-30,173,65
36684,Rafael,COELHO,1988-05-20,174,78
36717,Thiago,FERREIRA,1987-07-12,180,75
37008,Igor,CASTRO,1981-08-25,174,66
37283,Fabrício,RODRIGUES,1987-09-23,183,75
37286,Rocha,HELTON,1985-07-08,187,78
37291,Sanches,ITALO,1993-09-09,178,74
37321,Candido,VINICIUS,1987-03-11,176,71
37325,Elton,MORELATO,1988-08-13,191,79
37334,Bruno,SILVA,1988-02-15,183,83
37335,Cardoso,HÉVERTON,1988-01-14,188,82
37336,Cardoso,BRUNO,1984-06-27,195,90
37337,Souza,VANDINHO,1986-08-24,178,76
37338,Ranieri,SANDRO,1989-03-15,187,75
37339,Henrique,WALTER,1989-07-22,178,91
37340,Talles,CUNHA,1989-03-13,180,73
37342,Lucas,SILVA,1984-08-26,187,82
37344,Júnior,LUSMAR,1990-07-30,175,76
37345,Rodrigo,HEFFNER,1982-09-08,175,73
37346,Medeiros,ARILTON,1989-05-16,183,73
37347,João,HENRIQUE,1983-03-03,168,72
37349,Rafael,GRANJA,1984-01-07,172,75
37350,Adriano,PARDAL,1987-06-13,175,67
37351,André,LUIS,1986-02-19,177,71
37352,Silva,CIRO,1989-04-18,178,70
37353,Fraga,GUTO,1988-05-04,184,80
37357,Santana,SHESLON,1987-01-04,186,77